,Date,Tweet,retweet_PCT,likes_PCT
4,2021-10-31,Tuition is in Dogecoin &amp; u get a discount if u have a dog,12.797373358348969,10.763333171277164
5,2021-10-22,*In Dogecoin,2.4230271668822767,-0.01808886473265847
6,2021-07-13,"Maybe if it sees a Shiba Inu, the car renders a Dogecoin ‚Ä¶",6.265267175572519,1.243972800329693
7,2021-05-26,"Please note Dogecoin has no formal organization &amp; no one reports to me, so my ability to take action is limited",21.142857142857142,6.908165737824086
8,2021-05-25,"Someone suggested changing Dogecoin fees based on phases of the moon, which is pretty awesome haha",4.2641931157800625,5.976103839678488
9,2021-04-01,SpaceX is going to put a literal Dogecoin on the literal moon,445.7368421052632,152.78434225844003
10,2021-03-14,"Origin of Doge Day Afternoon: The ancient Romans sacrificed a Dogecoin at the beginning of the Doge Days to appease the rage of Sirius, believing that the star was the cause of the hot, sultry weather.",-0.5920561773096336,-0.6874276443099908
11,2021-03-02,2022: Dogecoin is dumb,-0.848307375466598,-0.9205979523766868
12,2021-02-15,"If major Dogecoin holders sell most of their coins, it will get my full support. Too much concentration is the only real issue imo.",46.540462427745666,53.93660390395578
13,2021-02-10,"Bought some Dogecoin for lil X, so he can be a toddler hodler",131.27962085308056,58.91617513611615
14,2021-02-04,Dogecoin is the people‚Äôs crypto,5.5692833679694305,2.0793251477104873
15,2022-01-25,I will eat a happy meal on tv if accepts Dogecoin,-0.3085502724351511,-0.1489040243187546
16,2022-01-14,Tesla merch buyable with Dogecoin,132.66149870801033,30.449022016441464
11,2021-09-17,"Please add your voice to the public comments. Support is greatly appreciated! Humanity‚Äôs future on the moon, Mars &amp; beyond depends upon it. Thanks, Elon",22.585365853658537,3.9148985507246374
12,2021-07-17,‚ÄúAll your basis points are belong to us‚Äù - fiat issuers,-0.8540695589817139,-0.5333876774675633
13,2021-03-25,"If there‚Äôs ever a scandal about me, *please* call it Elongate",117.70575221238938,93.72568514977692
14,2021-03-11,.@BoredElonMusk,-0.8820678513731826,-0.9291947762579686
8,2021-11-20,Bitcoin cures cancer,6.266666666666667,1.3784597897129864
9,2021-10-24,"Out of curiosity, I acquired some ascii hash strings called ‚ÄúBitcoin, Ethereum &amp; Doge‚Äù. That‚Äôs it. As I‚Äôve said before, don‚Äôt bet the farm on crypto! True value is building products &amp; providing services to your fellow human beings, not money in any form.",4.822429906542056,0.5324812283810005
10,2021-10-24,"Possibly. Bitcoin was conceived at a time of relatively low bandwidth &amp; high latency. If both continue to improve substantially, we will reach a point when no second layer is needed.",-0.8811757348342715,-0.8892877775026822
11,2021-07-29,"We don‚Äôt have that many Bitcoin, but it‚Äôs close",3.9809160305343507,2.955066625348621
12,2021-06-25,‚ÄúThat‚Äôs not funny!‚Äù ‚Äì Bitcoin maxis,9.541818181818181,10.26887240920327
13,2021-06-25,How many Bitcoin maxis does it take to screw in a lightbulb?,1.6791997240427734,0.6613063800347603
14,2021-06-25,Oh right ‚Ä¶ Bitcoin haha,0.4357976653696498,-0.00622648851991181
15,2021-06-13,"This is inaccurate. Tesla only sold ~10% of holdings to confirm BTC could be liquidated easily without moving market. When there‚Äôs confirmation of reasonable (~50%) clean energy usage by miners with positive future trend, Tesla will resume allowing Bitcoin transactions.",0.6292698213726104,-0.3880928796848725
16,2021-06-04,#Bitcoin üíî,26.88235294117647,11.204532315874667
17,2021-05-24,Spoke with North American Bitcoin miners. They committed to publish current &amp; planned renewable usage &amp; to ask miners WW to do so. Potentially promising.,0.15561288698716336,0.6991840156193629
18,2021-05-21,Bitcoin hashing (aka mining) energy usage is starting to exceed that of medium-sized countries. Almost impossible for small hashers to succeed without those massive economies of scale.,-0.33495539334955393,-0.5555733889735976
19,2021-05-17,"To clarify speculation, Tesla has not sold any Bitcoin",13.141556291390728,3.6770586563062633
20,2021-05-16,"Bitcoin is actually highly centralized, with supermajority controlled by handful of big mining (aka hashing) companies. A single coal mine in Xinjiang flooded, almost killing miners, and Bitcoin hash rate dropped 35%. Sound ‚Äúdecentralized‚Äù to you?",0.08503247243618794,-0.1620030400993384
21,2021-05-16,"He should wear outfit for Halloween, but with ‚ÄúBitcoin‚Äù tattooed high on thighs",-0.7309298440979956,-0.609447652138368
22,2021-05-13,Tesla &amp; Bitcoin,7.262456611801589,4.597179700215108
23,2021-04-27,"No, you do not. I have not sold any of my Bitcoin. Tesla sold 10% of its holdings essentially to prove liquidity of Bitcoin as an alternative to holding cash on balance sheet.",23.084645669291337,5.895757663809386
24,2021-03-24,Pay by Bitcoin capability available outside US later this year,27.322475570032573,9.160956353344258
25,2021-03-24,"Tesla is using only internal &amp; open source software &amp; operates Bitcoin nodes directly. Bitcoin paid to Tesla will be retained as Bitcoin, not converted to fiat currency.",1.1888441633122486,0.2691081285139385
26,2021-03-24,You can now buy a Tesla with Bitcoin,4.667770071458596,3.996407386229084
27,2021-03-12,BTC (Bitcoin) is an anagram of TBC(The Boring Company) What a coincidence!,3.147536884221055,1.36661138750691
28,2021-02-19,"To be clear, I am *not* an investor, I am an engineer. I don‚Äôt even own any publicly traded stock besides Tesla. However, when fiat currency has negative real interest, only a fool wouldn‚Äôt look elsewhere. Bitcoin is almost as bs as fiat money. The key word is ‚Äúalmost‚Äù.",4.856854838709677,3.032312111057922
29,2021-02-19,"Tesla‚Äôs action is not directly reflective of my opinion. Having some Bitcoin, which is simply a less dumb form of liquidity than cash, is adventurous enough for an S&amp;P500 company.",-0.44440619621342514,-0.2143111533210661
986,2021-12-29,Ashok was the first person recruited from my tweet saying that Tesla is starting an Autopilot team!,1.0375426621160408,1.4403318442884494
987,2021-12-26,Or Tesla!,-0.9494624703627919,-0.8834412423557878
988,2021-12-25,That was a crazy tough year. Tesla financing closed at 6pm Christmas Eve ‚Äì last hour of the last day possible. Payroll would otherwise have bounced two days after Christmas.,1.574074074074074,0.4503468780971258
989,2021-12-24,Tesla holiday software update goes to wide release today!,17.116883116883116,13.441607684529828
990,2021-12-24,Tesla is technically a car like an iPhone is technically a phone,-0.7543010752688172,-0.8275279620521259
991,2021-12-23,Lots of Tesla cars to deliver before year end! Your support in taking delivery is much appreciated. Thanks also to the Tesla team working hard during the holidays!,1.2546804389928985,1.95223328883869
992,2021-12-23,"Whereas radar has trouble seeing small pedestrians, they‚Äôre obvious to Tesla vision",11.695121951219512,6.910871202611097
993,2021-12-23,Tesla holiday software release being tested with internal owners today. Broader rollout starts tomorrow evening.,58.7375,34.20360824742268
994,2021-12-20,Tesla will hold a Giga Texas grand opening party with factory tours for the community in early 2022,-0.921024458535782,-0.8486514441184076
995,2021-12-18,Tesla FSD 10.8 plus holiday fun software release probably Tuesday,21.8944099378882,19.09852365170232
996,2021-12-16,I love Dilbert! Use it all the time to illustrate that we‚Äôre doing something wrong at Tesla/SpaceX if it could be a Dilbert cartoon irl. This happens more often than I‚Äôd like (sigh).,0.9487179487179487,0.039196940726577534
997,2021-12-14,Tesla will make some merch buyable with Doge &amp; see how it goes,183.08873720136518,40.85853939045428
998,2021-12-12,"Sonic, the Hedgehog, game coming to all Teslas!",0.9471544715447155,-0.27883972730918327
999,2021-12-10,Tesla China has done amazing work,-0.16462346760070057,-0.47390370798579573
1000,2021-12-08,Lot of people don‚Äôt realize that you can watch almost any show in a Tesla,2.189710610932476,2.717350861962049
1001,2021-12-07,"Tesla publishes accident statistics quarterly. They are so much better than other vehicles, it is ridiculous.",2.2857142857142856,1.019400785854617
1002,2021-12-06,"As always, Tesla is looking for hardcore AI engineers who care about solving problems that directly affect people‚Äôs lives in a major way.",9.426693629929222,12.256475738781466
1003,2021-12-01,Blow the whistle on Tesla!,0.5144716176800539,0.19659965399988066
1004,2021-11-29,"This is true. Also, Tesla employees get health insurance, stock &amp; other benefits.",5.142857142857143,3.5665661352865143
1005,2021-11-26,"Combined Tesla+SpaceX market cap is now over $1.2T, which means ‚Äú$4.9B‚Äù is less than 0.4% of combined company value",-0.30236794171220405,-0.7871982263097389
1006,2021-11-26,"It has always been Tesla‚Äôs view that all subsidies should be eliminated, but that must include the massive subsidies for oil &amp; gas. For some reason, governments don‚Äôt want to do that ‚Ä¶",3.7180156657963446,3.462280532510129
1007,2021-11-23,I was able to do several zero takeover drives around Austin last night using random map pin drops (no Tesla has ever done these routes),-0.8727319192435472,-0.6271899931844606
1008,2021-11-22,Let‚Äôs see if we can get them to say the word ‚ÄúTesla‚Äù!,-0.8864754975390541,-0.9173104687822269
1009,2021-11-22,Maybe they are NPCs and Tesla just isn‚Äôt in their dialogue tree?,10.552845528455284,12.859118852459016
1010,2021-11-19,"It‚Äôs great that they‚Äôve changed their tune these days, but the truth is that GM tried damn hard to kill the electric car! If not for competitive pressure from Tesla, they would be doing nothing.",7.145038167938932,1.0119617224880382
1011,2021-11-17,"Indeed. Over time, Tesla will generate hundreds of billions for the government in terms of employee income tax, product sales tax and property tax, in addition to profit taxation.",-0.9347155499367888,-0.9549495857433172
1012,2021-11-15,"Yes, that is the other major source of dilution. All employees receive stock after a year at Tesla and we now have over 100,000 employees worldwide.",3.33,1.5875099443118534
1013,2021-11-15,"I had majority control for the first 5 years or so of Tesla, but car companies need lots of capital, so now I‚Äôm around 20% or so, despite putting in as much as I could along the way",1.3508771929824563,0.7882352941176471
1014,2021-11-13,"Please don‚Äôt read too much into this. As mentioned publicly, Tesla is constrained by chip supply short-term &amp; cell supply long-term. Not possible to produce additional vehicles in volume until both constraints are addressed.",-0.3344947735191638,-0.5995586708203531
1015,2021-11-13,Tesla Megapack batteries will help stabilize the grid this winter,-0.18801652892561982,-0.6556077676498896
1016,2021-11-13,Thinking of doing a podcast ‚ÄúHardcore History‚Äù style that tells what really happened at Tesla in those early years,1.7865168539325844,2.1431325301204818
1017,2021-11-13,"He came damn close to killing Tesla through a combination of bad management decisions, driving out talented people, bad engineering, major blunders in supply chain &amp; an elaborate deception about the true cost &amp; schedule of the Tesla Roadster.",-0.5255376344086021,-0.5930696105489114
1018,2021-11-13,"Founding story of Tesla as portrayed by Eberhard is patently false. I wish I had never met him. Eberhard is by far the worst person I‚Äôve ever worked with in my entire career. Given how many people I‚Äôve worked with over the years, that‚Äôs really saying something ‚Ä¶",0.18130311614730887,0.11793519216277315
1019,2021-11-12,"I hope they‚Äôre able to achieve high production &amp; breakeven cash flow. That is the true test. There have been hundreds of automotive startups, both electric &amp; combustion, but Tesla is only American carmaker to reach high volume production &amp; positive cash flow in past 100 years.",1.790378006872852,-0.3258461381387513
1020,2021-11-08,I had too many bottles of Teslaquila!,-0.9211139051876688,-0.8593785888789125
1021,2021-11-07,Tesla Autopilot spends a lot of effort on minimizing jerk,-0.4463373083475298,-0.6949904122722914
1022,2021-11-06,"Much is made lately of unrealized gains being a means of tax avoidance, so I propose selling 10% of my Tesla stock. Do you support this?",331.1066666666667,89.41736526946107
1023,2021-11-06,"Haha true! The top alternate name, if we couldn‚Äôt acquire the Tesla Motors trademark, was Faraday, which a competitor ended up using.",0.7109905020352782,1.7451554219726333
1024,2021-11-04,"In the future, any Tesla you use will automatically sync to your preferences",-0.4500531349628055,-0.27376546473511687
1025,2021-11-02,"You‚Äôre welcome! If any of this is based on Hertz, I‚Äôd like to emphasize that no contract has been signed yet. Tesla has far more demand than production, therefore we will only sell cars to Hertz for the same margin as to consumers. Hertz deal has zero effect on our economics.",2.7779456193353473,1.7125409783377257
1026,2021-11-01,Trial program for opening Tesla Superchargers to other EVs has begun,48.900826446280995,18.973613486440264
1027,2021-11-01,"By definition, since I own ~20% of Tesla, ~80% of stock gains necessarily went to investors &amp; employees!",-0.8193208430913349,-0.584682272234926
1028,2021-10-31,"If WFP can describe on this Twitter thread exactly how $6B will solve world hunger, I will sell Tesla stock right now and do it.",2.5168747386655514,1.0311758498484211
1029,2021-10-30,Thanks on behalf of Tesla,-0.500587544065805,-0.5949535192563081
1030,2021-10-29,‚ÄúTesla Hertz Shorts‚Äù,1.3085714285714287,-0.12478005865102637
1031,2021-10-28,Tesla always pays its debts,-0.7001421127427759,-0.8365885136588513
1032,2021-10-28,The cemetery of automotive startups over the past century is very large &amp; will get larger. Tesla &amp; Ford are the only American car companies that haven‚Äôt gone bankrupt.,1.7988505747126435,1.1396051103368174
1033,2021-10-28,"Indeed, US taxpayers actually profited from the Tesla loan",-0.6478439425051334,-0.7748887200086853
1034,2021-10-28,"GM &amp; Chrysler were bailed out (money never repaid), but Tesla was not. Crucial Tesla investment actually came from Daimler in 2009, from which they did very well. Tesla received govt energy efficiency loan in 2010, by which time capital markets reopened. Loan was repaid early.",2.629737609329446,1.9172896069447796
1035,2021-10-28,"That math is incorrect, but still a lot of devices per second! I guess if Tesla can reach 20M cars/year, that would be one every ~1.5 seconds!",6.3428571428571425,4.573734001112966
1036,2021-10-27,I feel like this has happened at Tesla a few times,-0.1269565217391304,0.17049515058703424
1037,2021-10-26,"Also, Tesla will soon be a German car manufacturer.",-0.6924254016832441,-0.7390563720635424
1038,2021-10-26,I‚Äôd like to express appreciation to Tesla Autopilot engineering &amp; QA for working round the clock all weekend to resolve the problem,-0.726061204343534,-0.3339835585899401
1039,2021-10-26,"Sorry to Tesla beta users for the trouble! Issue turned out to be power saving mode interacting with FSD. Our internal QA fleet didn‚Äôt see this, because cars are constantly in use, so very rarely enter power saving mode. Internal QA will obv test this case going forward.",-0.19279279279279282,-0.0493723849372385
1040,2021-10-26,"Strange that moved valuation, as Tesla is very much a production ramp problem, not a demand problem",1.2075892857142856,1.3346170774647885
1041,2021-10-24,Lots of people I talked to on the production lines at Tesla or building rockets at SpaceX own Doge. They aren‚Äôt financial experts or Silicon Valley technologists. That‚Äôs why I decided to support Doge ‚Äì it felt like the people‚Äôs crypto.,12.287569573283859,1.1730228298554328
1042,2021-10-20,"Objectively, her track record is extremely biased against Tesla",-0.7562592047128129,-0.7849692594745052
1043,2021-10-17,"We can do that partially, but detailed rocket technology is considered advanced weaponry (same tech as nuclear missiles), so there are more limitations than at Tesla",-0.7406143344709898,-0.6078515499302799
1044,2021-10-17,Maybe Buffett should invest in Tesla haha,16.840579710144926,10.917811408614668
1045,2021-10-10,"These are nice, but high time we built a really big Tesla coil!",0.8793103448275863,0.664484233030465
1046,2021-10-08,"If you‚Äôd like to join Tesla AI, but can‚Äôt easily move to Palo Alto or Austin, that is acceptable for extremely excellent candidates where inefficiency of distance is overcome by talent",1.4333333333333331,1.1109641312643093
1047,2021-10-08,Please consider joining Tesla AI software or hardware teams!,2.532941943900848,1.1547008547008546
1048,2021-10-05,Tesla always pays its debts,13.689873417721518,15.41709548313322
1049,2021-10-04,"This was *extremely* difficult. Huge props to Tesla engineering, supply chain, production &amp; key suppliers.",-0.6217147781128824,-0.6835460671809428
1050,2021-10-03,Manufacturing will be Tesla‚Äôs long-term competitive strength,-0.8269230769230769,-0.7335714433181246
1051,2021-10-02,‚ô•Ô∏è‚ô•Ô∏è Congrats Tesla team! ‚ô•Ô∏è‚ô•Ô∏è,2.0088731144631766,1.013919063224951
1052,2021-09-30,"No guarantees, but I think it will. This is a big part of what I meant by Tesla‚Äôs long-term competitive advantage being manufacturing technology.",-0.4802325581395349,-0.7265493127562093
1053,2021-09-27,Illustrates why Tesla sales will soon exceed mass of universe,1.3661971830985915,0.2174995213478843
1054,2021-09-26,Absolutely! Tesla team rocks üíï,-0.4643628509719222,-0.7811691670977755
1055,2021-09-22,Tesla is the king of car farts!,-0.18831168831168832,-0.5806701393777277
1056,2021-09-22,"The regulatory process for approval to offer insurance is extremely slow &amp; complex, varying considerably by state. Tesla is hoping to offer real-time (based on actual driving history) insurance in Texas next month. Probably next year before we get approval in New York.",4.5606060606060606,5.462664165103189
1057,2021-09-20,Tesla has not yet decided on a fourth Gigafactory location,-0.8933301797540208,-0.9081803958292887
1058,2021-09-20,Tesla insurance calculator will show status in real-time &amp; tell you what actions are needed to be rated ‚Äúgood driver‚Äù,2.5072463768115942,0.49675162418790597
1059,2021-09-18,"Probably will trap a Tesla with the production Autopilot build, but won‚Äôt work with FSD. Using a ring of cones would stop FSD though.",-0.26256983240223464,-0.1194861851672322
1060,2021-09-17,"Beta button will request permission to assess driving behavior using Tesla insurance calculator. If driving behavior is good for 7 days, beta access will be granted.",2.9572649572649574,1.347266881028939
1061,2021-09-12,"To be fair, investors are giving us significant credit for achieving self-driving, given that Tesla‚Äôs valuation/production is very high compared to other automakers",0.446969696969697,-0.1044607566346697
1062,2021-09-11,An early season episode of the Tesla soap opera!,-0.30832570905763956,0.7293053244592347
1063,2021-09-11,"Great work by Tesla team, with special thanks to Tesla Automation in Pr√ºm, who were critical to many high-performance parts of Plaid!",-0.7804232804232805,-0.9107282458355884
1064,2021-09-10,"Alter falter! Dankesch√∂n N√ºrburgring, Tesla wird geerht.",-0.14239482200647247,0.051183491806595205
1065,2021-09-10,"Tesla doesn‚Äôt have the bandwidth to do it, but there are some good third party mod shops",-0.644927536231884,-0.4875536480686695
1066,2021-09-10,"Next will be modified Plaid with added aero surfaces, carbon brakes &amp; track tires (all things that can be done without Tesla being in the loop)",11.448979591836734,11.975293132328309
1067,2021-09-10,"Tesla Model S Plaid just set official world speed record for a production electric car at Nurburgring. Completely unmodified, directly from factory.",7.46311475409836,3.0482814264966915
1068,2021-09-07,Tesla audio engineering is great,3.2608695652173916,4.963744232036915
1069,2021-09-04,Lot of good work happening on Tesla sound codec &amp; audio software in general. Aiming for maximum music dopamine in your brain!,0.047752808988763995,-0.42272032603158427
1070,2021-09-03,"Generally agree, but probability of thermal runaway is dangerously high with large pouch cells. Tesla strongly recommends against their use.",1.2599999999999998,1.3983565559128261
1071,2021-09-02,"The robots are coming anyway, as Boston Dynamics videos clearly show. I will not be able to ensure that robots made by other companies are safe, but I can try my best to do so at Tesla.",-0.7750431778929188,-0.5502764340013822
1072,2021-09-02,"That is the aspiration, but we need to be cautious. Safety is always paramount at Tesla.",-0.9053850025163563,-0.813492440810117
1073,2021-08-31,Thank for bringing this up. Tesla will expedite service center openings. Have you tried our mobile service that comes to you?,0.6033519553072626,0.4993909866017052
1074,2021-08-26,Tesla China rocks!,3.4592592592592597,4.215850515463917
1075,2021-08-12,"Tesla makes cars for export in first half of quarter &amp; for local market in second half. As publicly disclosed, we are operating under extreme supply chain limitations regarding certain ‚Äústandard‚Äù automotive chips. Most problematic by far are Renesas &amp; Bosch.",2.6837606837606836,1.606177606177606
1076,2021-08-06,"Tesla Automation (Deutschland) built a specialized machine to wrap the rotor with carbon fiber at precise tension. If too low, it would come loose at low temp, due to CTE differences. If too high, it would snap at high temp &amp; rpm.",3.1546391752577323,1.7961315280464216
1077,2021-08-05,"Yeah, seems odd that Tesla wasn‚Äôt invited",4.841968911917099,1.419485108531045
1078,2021-08-05,"If you‚Äôre curious about Tesla, SpaceX &amp; my general goings on, is writing a biography",45.26744186046512,25.236686390532544
1079,2021-08-04,The sheer amount of time Tesla has spent dealing with bike lane is staggering. Short answer ‚Ä¶ yes.,-0.5153452685421995,-0.678457487997522
1080,2021-08-03,"Hard to believe it‚Äôs been 15 years already. Those goals actually precede the creation of Tesla by many years. Goes back to probably ~1992 when I was in college. However, at the time, I thought the chance of achieving those goals was very low.",-0.7275929549902153,-0.7263233621869996
1081,2021-08-01,"Reason we hustled so much to get Autopilot V1 out was that someone driving non-Autopilot Tesla fell asleep, crashed &amp; killed cyclist (Tesla driver was uninjured). Driver nonetheless sued us saying new car smell made him fall asleep (sigh). Judge didn‚Äôt agree.",4.415384615384616,2.6143187066974596
1082,2021-08-01,The Tesla AI predictions are swiftly becoming superhuman ‚Äì its guesses for what it can‚Äôt see well feel like ESP. It has a vastly larger training set than any human &amp; thinks only about driving.,2.7388059701492535,1.1268498942917549
1083,2021-07-31,"Tesla policy is never to give in to false claims, even if we would lose, and never to fight true claims, even if we would win.",6.678571428571429,3.4700421940928274
1084,2021-07-30,Cook &amp; I have never spoken or written to each other ever. There was a point where I requested to meet with Cook to talk about Apple buying Tesla. There were no conditions of acquisition proposed whatsoever. He refused to meet. Tesla was worth about 6% of today‚Äôs value.,-0.9557352500748727,-0.9708390229100288
1085,2021-07-30,"This should be clear to anyone who has experienced the FSD beta evolution. Self-driving requires solving a major part of real-world AI, so it‚Äôs an insanely hard problem, but Tesla is getting it done. AI Day will be great.",1.327731092436975,1.0290425793748463
1086,2021-07-29,Convincing the best AI talent to join Tesla is the sole goal,0.30254041570438805,0.6955559339349566
1087,2021-07-29,Tesla AI Day August 19th,20.50886524822695,17.16509339224744
1088,2021-07-29,"Haha ok, I will do the Tesla shareholder meeting in a posh British accent",4.9171597633136095,2.8525412394115026
1089,2021-07-29,"These guys are either shady, ü•ú or both. I mean seriously there‚Äôs a long list of companies to pick on before Tesla ‚Ä¶",-0.49,-0.7274410530883841
1090,2021-07-27,"That‚Äôs a low bar. Carmakers have never valued software engineering highly, although VW is trying to change that. I personally wrote software for 20 years &amp; have huge respect for software engineers. Tesla is on par with best software companies &amp; is leader in real world AI.",0.36705882352941166,0.05356785928442931
1091,2021-07-27,"Tesla software team is excellent even when compared to the best software companies. This is a big deal, as cars are very much computers on wheels.",0.04819277108433728,0.5110984632896984
1092,2021-07-27,Great work by Tesla Giga Berlin team &amp; supporting contractors!,0.29885057471264376,2.1461393596986817
1093,2021-07-27,"Ships are probably fine with iron cells, but aircraft need very high energy density for good range. I‚Äôm not saying Tesla will do aircraft ‚Äì we have our hands full with cars &amp; solar/battery power generation ‚Äì just that max energy density is needed for aircraft.",0.30645161290322576,0.585865642100361
1094,2021-07-26,"We will try. Preferable for Tesla too, as they last so long. Unlike other makers of cars, our goal is *not* to profit from service. Best service is not needing service in the first place.",3.897810218978102,3.284250585480094
1095,2021-07-25,Tesla Giga Shanghai team has done amazing work!,-0.027100271002710064,0.49033554971393234
1096,2021-07-23,"If Tesla is able to succeed with imported vehicles, then a factory in India is quite likely.",0.6679841897233201,-0.5654357807165562
1097,2021-07-23,Tesla Model S Plaid is alien technology,-0.9088861588861589,-0.8361210151006712
1098,2021-07-21,"We created our own connector, as there was no standard back then &amp; Tesla was only maker of long range electric cars. It‚Äôs one fairly slim connector for both low &amp; high power charging. That said, we‚Äôre making our Supercharger network open to other EVs later this year.",-0.15509259259259256,-0.6844227014088647
1099,2021-07-10,Tesla Solar Roof + Powerwall in major new housing development in Austin,-0.7234161629729124,-0.80676991484427
1100,2021-07-09,"Running preproduction software is both work &amp; fun. Beta list was in stasis, as we had many known issues to fix. Beta 9 addresses most known issues, but there will be unknown issues, so please be paranoid. Safety is always top priority at Tesla.",-0.3221476510067114,-0.4655376598768356
1101,2021-07-08,Nikola Tesla was born in Croatia (to Serbian parents)!,1.0659999999999998,0.3897630674624706
1102,2021-07-07,"And by 2060, Tesla production will exceed the mass of the Universe!",9.475609756097562,13.28471444568869
1103,2021-07-07,"Working with Weddle and Sons Roofing has been a great collaboration for accelerating Tesla Solar Roof installation! This is a lot of work, as tens of millions of homes need solar roofs! If you are a roofing company, please consider adding Solar Roof to your offerings.",1.7401129943502824,0.6807626497188952
1104,2021-07-03,"Friday afternoons are usually Tesla design studio time. Cybertruck will be almost exactly what was shown. We‚Äôre adding rear wheel steering, so it can do tight turns &amp; maneuver with high agility. Lot of other great things coming.",-0.18838028169014087,-0.45008724400771416
1105,2021-07-03,"Yes. Long-term, all settings will be in your Tesla app and car will auto adjust.",-0.47089947089947093,-0.3979077876791941
1106,2021-07-02,"Congrats Tesla Team on over 200,000 car built &amp; delivered in Q2, despite many challenges!!",49.515625,45.08912224017232
1107,2021-07-02,"These days, I mostly just play Polytopia, which comes free with every Tesla!",-0.9860810392824002,-0.9876383817730393
1108,2021-07-02,"When we need strange training examples, eg half a car on highway, Tesla sim delivers. Also, accidents on Autopilot are becoming rarer, so we need more close call examples. For safety tests, Autopilot sees dummy far away. Emergency braking only needed for distracted drivers.",-0.575,-0.6537573736855604
1109,2021-07-02,"Yeah, it‚Äôs next-level &amp; will just keep getting better with more training data from fleet. Tesla sim team is also crushing it.",-0.893998208420424,-0.5762140016869503
1110,2021-06-26,"Sometimes people think it is performance, but safety is always the primary design requirement for a Tesla",-0.7637635949751286,-0.6816373971632494
1111,2021-06-25,"Actually, a great many parts are produced by our suppliers, but Tesla is more vertically integrated than other carmakers",-0.4906015037593985,-0.5425722321656865
1112,2021-06-25,"I‚Äôm driving ‚Äúalpha‚Äù 9, but we need to fix some obvious issues before releasing beta 9, hopefully next week. FSD subscription capability should be turning on via the Tesla app.",-0.9758113528625258,-0.9776143901285109
1113,2021-06-24,At least a few years before Starlink revenue is reasonably predictable. Going public sooner than that would be very painful. Will do my best to give long-term Tesla shareholders preference.,1.786290322580645,0.07691136155954914
1114,2021-06-24,Shout out to the awesome Tesla global team. Thanks for working so hard to make Tesla successful!,9.60781476121563,20.182435299109038
1115,2021-06-22,Tesla financing round closed at 6pm Dec 24th 2008 ‚Äì last hour of last day possible or payroll would‚Äôve bounced 2 days later. I gave Tesla last of my remaining cash from PayPal. Didn‚Äôt even own a house or anything sellable.,6.296829971181556,3.1464752567693743
1116,2021-06-21,"Looking at holding Tesla AI Day in about a month or so. Will go over progress with Tesla AI software &amp; hardware, both training &amp; inference. Purpose is recruiting.",1.8171406003159558,2.2361302671207812
1117,2021-06-16,Most people have no idea just how good the Tesla air purification system is. Literally 10X better than any other car.,-0.05192307692307696,-0.23498727735368952
1118,2021-06-13,"This is inaccurate. Tesla only sold ~10% of holdings to confirm BTC could be liquidated easily without moving market. When there‚Äôs confirmation of reasonable (~50%) clean energy usage by miners with positive future trend, Tesla will resume allowing Bitcoin transactions.",0.6292698213726104,-0.3880928796848725
1119,2021-06-13,Fiber is wound over rotor at high tension load. Machine to do this was made by Tesla Automation. Carbon sleeve must put copper rotor in compression or it loosens at low temp due to differential thermal expansion. Preload is also helpful for maintaining precise gap to stator.,0.5899581589958158,0.7270147559591373
1120,2021-06-11,Order Tesla Model S Plaid at,1.7254361799816347,0.6510168718650251
1121,2021-06-11,Tesla engineering is awesome!,6.994845360824742,9.018698770491802
1122,2021-06-09,"Yeah, sold my houses, except for 1 in Bay Area that‚Äôs rented out for events. Working on sustainable energy for Earth with Tesla &amp; protecting future of consciousness by making life multiplanetary with SpaceX. Also, AI risk mitigation with Neuralink &amp; fixing traffic with Boring.",0.04239533651298366,-0.12839168490153174
1123,2021-06-09,"Exactly. Only time I sell Tesla stock is when my stock options are expiring &amp; I have no choice. Btw, I will continue to pay income taxes in California proportionate to my time in state, which is &amp; will be significant.",-0.7203863751906456,-0.7033829159605849
1124,2021-06-09,Tesla Europe team is doing great!,-0.24906015037593987,0.041746724890829645
1125,2021-06-08,The long-term strength of Tesla will be manufacturing technology,1.5513833992094863,0.9563545906829489
1126,2021-06-06,The operating costs of a Tesla are also much lower than a gasoline cruiser!,-0.9703166571026136,-0.9609983568646543
1127,2021-06-02,"That‚Äôs where we get most of our lithium. Also, whereas phone batteries make heavy use of cobalt in cathode, Tesla uses primarily nickel, which is trickier, but has better energy density (range). Iron cathode cells are now competitive for stationary packs &amp; mid range cars.",8.462962962962964,6.5632377740303545
1128,2021-05-28,"Tesla sure would appreciate changing the law, so that this is not required!",-0.9252066803528824,-0.91467265347888
1129,2021-05-20,A longtime Tesla supporter gave me the Doge dollar sticker at Giga Berlin,-0.7769970723546633,-0.5424908353100312
1130,2021-05-20,Tesla Model S Plaid delivery event June 3 at our California factory Fastest production car ever 0 to 60mph in under 2 secs,-0.733166796971835,-0.35702753299237633
1131,2021-05-19,Tesla has üíé üôå,3.269575982667905,1.6523533930257241
1132,2021-05-17,"To clarify speculation, Tesla has not sold any Bitcoin",13.141556291390728,3.6770586563062633
1133,2021-05-13,Tesla &amp; Bitcoin,7.262456611801589,4.597179700215108
1134,2021-05-11,Do you want Tesla to accept Doge?,49.93827160493827,9.623115441873054
1135,2021-04-30,True. Anyone paying attention to the rate of improvement will realize that Tesla Autopilot/FSD is already superhuman for highway driving &amp; swiftly getting there for city streets.,0.2738853503184713,0.05785123966942152
1136,2021-04-28,"Other companies spend money on advertising &amp; manipulating public opinion, Tesla focuses on the product. I trust the people.",5.311953352769679,2.290653008962868
1137,2021-04-27,"No, you do not. I have not sold any of my Bitcoin. Tesla sold 10% of its holdings essentially to prove liquidity of Bitcoin as an alternative to holding cash on balance sheet.",23.084645669291337,5.895757663809386
1138,2021-04-27,"Yeah, roughly 200MW/km^2 using currently available solar panels. What‚Äôs really amazing is that you can store all energy needed to power a continent overnight with 1 square kilometer of stacked Tesla Megapacks!",7.835164835164836,4.129339039467427
1139,2021-04-23,"I‚Äôm staying at a friend‚Äôs place in Florida that is 85% powered by Tesla Solar Roof + Powerwall. When grid power goes down, air-conditioning automatically turns off in some of the house. Computers &amp; lights don‚Äôt even flicker. Owner says he doesn‚Äôt notice.",2.4864864864864864,1.0407925407925407
1140,2021-04-22,"If Tesla owners are ‚Äúconspiracy theorists‚Äù, then it would be fair to call them ‚Äúadvertising salespeople masquerading as truthtellers‚Äù. If that‚Äôs an unfair criticism, a simple rebuttal would be to show their articles per fatality for all automakers. Tesla is ~0.02% of deaths ‚Ä¶",3.63855421686747,0.5434404865334492
1141,2021-04-22,Tesla Solar + Powerwall battery enables consumers to be their own utility,27.01298701298701,46.30199831128623
1142,2021-04-22,"Powerwall 2 peak &amp; steady power capability is better than advertised. Now that we have lots of operational data, Tesla can unlock higher capabilities for free via software update next month. Depending on production date, power increase power may be &gt;50% at 30C ambient temp.",11.978494623655914,16.772668393782382
1143,2021-04-22,"Starting next week, Tesla Solar Panels &amp; Solar Roof will only be sold as an integrated product *with* Tesla Powerwall battery",2.1210780370072406,1.2307846605517971
1144,2021-04-18,Passive Autopilot (sometimes called active safety) comes standard on all Teslas,0.13008130081300817,-0.38059383435147043
1145,2021-04-18,Tesla with Autopilot engaged now approaching 10 times lower chance of accident than average vehicle,59.37370242214533,54.94693438508426
1146,2021-04-17,Great progress by Tesla team,-0.9811775738495545,-0.9616028501746385
1147,2021-04-15,"While perhaps obvious in hindsight, it turns out that the only way to solve self-driving is to solve a big part of real-world AI. That is what Tesla is doing, both in hardware &amp; software. Unless a company is good at AI with tight compute, it‚Äôs hopeless. This is insanely hard.",-0.863582443653618,-0.8538712150249137
1148,2021-04-15,Tesla AI/Autopilot engineering is awesome! Making excellent progress solving real-world AI.,21.472972972972972,19.700881201044385
1149,2021-04-13,"Tesla is building up collision repair capability to help address the grief that you went through, but usually insurance companies make you go their ‚Äúapproved‚Äù collision repair partners. Tesla Insurance will make it smooth sailing.",4.8478260869565215,3.4160833191053444
1150,2021-04-08,Thanks Tesla suppliers for providing us with critical parts!,22.412244897959184,33.039759939985
1151,2021-04-05,Special mention of Tesla China,-0.41210374639769454,-0.5966312656429682
1152,2021-04-05,Great work by Tesla team!,0.16873449131513651,-0.1777114298695398
1153,2021-03-30,"Agreed! We‚Äôre not super far, as Magic Valley Utility can give us almost all wind-power, which will be used for LOX (78% of propellant mass)/N2/argon distillation. We‚Äôre also aiming to increase solar power from 1MW to 10MW, paired with Tesla Megapacks, for continuous power.",0.6265060240963856,-0.5012331625877442
1154,2021-03-27,"This is crazy. Should use Tesla Megapacks for load-leveling the grid. More effective, more reliable and costs less.",2.8790697674418606,2.223643169058016
1155,2021-03-26,I think there is a &gt;0% chance Tesla could be the biggest company,2.576419213973799,0.48809523809523814
1156,2021-03-24,"Tesla is using only internal &amp; open source software &amp; operates Bitcoin nodes directly. Bitcoin paid to Tesla will be retained as Bitcoin, not converted to fiat currency.",1.1888441633122486,0.2691081285139385
1157,2021-03-24,You can now buy a Tesla with Bitcoin,4.667770071458596,3.996407386229084
1158,2021-03-14,Play your favorite song in a Tesla &amp; turn the volume to 11 You will see. You will feel.,1.779125321572951,2.755624568668047
1159,2021-03-09,"Not connecting Tesla cars to Starlink, as our terminal is much too big. This is for aircraft, ships, large trucks &amp; RVs.",5.884146341463414,9.276136363636363
1160,2021-03-07,"The Tesla FSD computer started shipping in volume in Q2 2019. 2020 cars should all have FSD computers, whether or not ordered as an option.",-0.12101910828025475,-0.025941157861436248
1161,2021-03-07,Availability varies by region due to regulatory approval delays and/or Tesla internal development &amp; testing. Note: word ‚ÄúBeta‚Äù is used to reduce complacency in usage &amp; set expectations appropriately. All software is first tested internally by Tesla simulation &amp; QA drive teams.,7.304347826086957,9.051315362130563
1162,2021-03-06,"If you want the Tesla Full Self-Driving Beta downloaded to your car, let us know. Doubling beta program size now with 8.2 &amp; probably 10X size with 8.3. Still be careful, but it‚Äôs getting mature.",25.367768595041323,22.00698376745942
1163,2021-03-05,"Tesla AI, both hardware &amp; software, is deeply underestimated",-0.9096525878658969,-0.9597230440243738
1164,2021-03-05,"Tesla &amp; Ford are the only American carmakers not to have gone bankrupt out of 1000‚Äôs of car startups. Prototypes are easy, production is hard &amp; being cash flow positive is excruciating.",19.38095238095238,8.164791288566244
1165,2021-03-03,FSD beta build V8.1 normally drives me around with no interventions. Next version is a big step change beyond that. Tesla is solving a major part of real-world AI. This is not widely known.,1.2599277978339352,0.13240069947539346
1166,2021-03-02,Tesla China team rocks!,-0.7886977886977887,-0.8621390497373165
1167,2021-02-25,"Prices in the US (of all goods) don‚Äôt include VAT, but it‚Äôs usually included in other countries. Then there‚Äôs import duty &amp; transport costs. The intent is that revenue to Tesla is roughly similar in all countries, so taxes, tariffs &amp; transport make up the difference.",-0.8669165885660731,-0.7605161722808782
1168,2021-02-23,"It is still available off menu, but I don‚Äôt think the range, in many drive conditions, yet meets the Tesla standard of excellence",0.3500000000000001,-0.19195230998509683
1169,2021-02-23,"The Tesla Solar Roof is slightly hydrophobic, so water, snow or ice slide off easily",13.012345679012345,20.79232755440797
1170,2021-02-20,"Most people have no idea, even though there are so many FSD progress videos posted. Munro understood right away. There will be a gap before the next release, but then it will be a step change better. Tesla is solving a major real-world AI problem.",0.16901408450704225,-0.1706166589967787
1171,2021-02-19,"To be clear, I am *not* an investor, I am an engineer. I don‚Äôt even own any publicly traded stock besides Tesla. However, when fiat currency has negative real interest, only a fool wouldn‚Äôt look elsewhere. Bitcoin is almost as bs as fiat money. The key word is ‚Äúalmost‚Äù.",4.856854838709677,3.032312111057922
1172,2021-02-19,"Tesla‚Äôs action is not directly reflective of my opinion. Having some Bitcoin, which is simply a less dumb form of liquidity than cash, is adventurous enough for an S&amp;P500 company.",-0.44440619621342514,-0.2143111533210661
1173,2021-02-19,SpaceX in south Texas &amp; Tesla in central have been providing direct assistance where feasible (eg save cold turtles &amp; help power the water treatment plant). Please let us know if we may be helpful in other ways.,-0.2825278810408922,0.4372001662070788
1174,2021-02-12,Congratulations Tesla China for amazing execution last year. Now on to the next for even more!!,-0.912589928057554,-0.07222360513495252
1175,2021-02-09,"Everyone at Tesla receives stock. My comp is all stock/options, which I do not take off the table. That‚Äôs what you‚Äôre missing.",-0.6278198550370551,-0.10681824630430059
1176,2021-02-07,Time to tell the story of Tesla &amp; SpaceX,3.398980991573584,1.570349048757667
1177,2021-01-30,I sure hope that‚Äôs not true at Tesla or SpaceX!,-0.5905375278672281,-0.37162985927267655
1178,2021-01-25,Tesla is steadily moving all NNs to 8 camera surround video. This will enable superhuman self-driving.,3.3815789473684212,0.3846153846153846
1179,2021-01-25,"To my surprise, Tesla has better AI hardware &amp; software than Waymo (money)",17.38,20.119211822660098
1180,2021-01-10,Maybe a Tesla AI day later this year,8.095238095238095,1.9378299120234606
1181,2021-01-09,One of the best Tesla Solar Roof installations,-0.9720259128386337,-0.9487100678102849
1182,2021-01-02,Tesla is responsible for 2/3 of all the personal &amp; professional pain in my life combined. But it was worth it.,3.513698630136986,1.2326792845980203
1183,2021-01-02,"So proud of the Tesla team for achieving this major milestone! At the start of Tesla, I thought we had (optimistically) a 10% chance of surviving at all.",8.10773899848255,7.320889718463214
1184,2021-01-02,"Tesla Full Self-Driving will work at a safety level well above that of the average driver this year, of that I am confident. Can‚Äôt speak for regulators though.",-0.6063408190224571,-0.6069122452154971
1185,2022-03-05,"Obviously, this would negatively affect Tesla, but sustainable energy solutions simply cannot react instantaneously to make up for Russian oil &amp; gas exports.",-0.6209732371531286,-0.6177568712442124
1186,2022-03-03,This old YouTube clip helps explain why former UAW members who work at Tesla are not huge fans of UAW,4.294117647058823,0.7106060606060607
1187,2022-03-03,"By the way, Tesla factory worker compensation is the highest in the auto industry",2.110526315789474,0.3868354430379748
1188,2022-03-03,"Our real challenge is Bay Area has negative unemployment, so if we don‚Äôt treat and compensate our (awesome) people well, they have many other offers and will just leave! I‚Äôd like hereby to invite UAW to hold a union vote at their convenience. Tesla will do nothing to stop them.",0.21658206429780025,0.24844833880978467
1189,2022-03-02,The probability of Tesla dying in 2008/2009 was very high. We closed our financing round at 6pm on Dec 24th ‚Äì the last working hour of the last day before Tesla would otherwise bounce payroll.,-0.6073245167853509,-0.7718985181162231
1190,2022-03-02,"Tesla has created over 50,000 US jobs building electric vehicles &amp; is investing more than double GM + Ford combined [fyi to person controlling this twitter]",263.8085106382979,51.8962890625
1191,2022-03-02,"Our primary challenge is affordability. Creating an expensive truck is relatively easy. If it is extremely hard to do so for Tesla, despite our much greater economies of scale &amp; better technology, then it is damn near impossible for others.",-0.97790454764583,-0.9674997876889108
1192,2022-02-23,We‚Äôre working through the general case of making Steam games work on a Tesla vs specific titles. Former is obviously where we should be long-term.,1.763440860215054,0.2137592137592137
1193,2022-02-21,"Tesla owners in the greater Giga Texas area will get priority, so yes",1.375,2.813386524822695
1194,2022-02-17,"I was at a lunch with Munger in 2009 where he told the whole table all the ways Tesla would fail. Made me quite sad, but I told him I agreed with all those reasons &amp; that we would probably die, but it was worth trying anyway.",5.274118738404453,3.043495183419286
1195,2022-02-14,So many layers with Tesla FSD AI!,-0.4369973190348525,-0.38954650269023827
1196,2022-02-13,Now Tesla is worth a trilly willy!,1.9166666666666665,1.9585217220365636
1197,2022-02-09,Tesla,-0.14807502467917077,-0.6168743684742337
1198,2022-02-06,Tesla Model S &amp; X Plaid are so fun!,-0.7653245192307692,-0.7560274727656702
1199,2022-02-04,Tesla is working hard to provide more Megapacks for grid stabilization,-0.8323045267489712,-0.8143652505391985
1200,2022-02-01,"Tesla is as much a software company as it is a hardware company, both in car and in factory. This is not widely understood.",3.451476793248945,0.3611687926431326
1201,2022-02-01,"Tesla has great respect for software engineering, they do not",-0.6407582938388625,-0.33562166285278416
1202,2022-01-31,"They‚Äôve been writing bogus articles about Tesla (and me) for years. In the end, it is their own credibility that suffers.",0.3947939262472886,-0.395439068809882
1203,2022-01-31,"For reasons unknown, is unable to say the word ‚ÄúTesla‚Äù",0.1634897360703813,1.6171671538665957
1204,2022-01-28,Excited for future of solar at Tesla!,0.2794612794612794,1.2273766742894479
1205,2022-01-28,Tesla will support FSD licensing by other manufacturers,-0.05789473684210522,-0.5058668231152831
1206,2022-01-28,"Given how hard insanely FSD is, I think it may take 5 years or more before any company besides Tesla solves it",-0.09813084112149528,-0.7451228514183275
1207,2022-01-25,Our biggest limitation with Fremont is convincing enough associates to build cars when they have so many other job opportunities in the Bay Area! Thanks again Tesla team for doing the hard work of building real products that people love ‚ô•Ô∏è,1.01840490797546,0.24928612221587665
1208,2022-01-19,"Tesla AI might play a role in AGI, given that it trains against the outside world, especially with the advent of Optimus",41.33098591549296,25.5912233243162
1209,2022-01-14,Tesla merch buyable with Dogecoin,132.66149870801033,30.449022016441464
1210,2022-01-12,"Tesla is working as fast as possible to support Tesla owners worldwide. Sustainable energy affects everyone on Earth, as we all share one atmosphere.",-0.8790627362055934,-0.7207390444763679
1211,2022-01-08,"It was a mistake to try to use the Elise. In the end, only ~5% of the Elise parts ended up being used. Tesla Roadster is a totally different car.",-0.5264623955431755,-0.6532079414838036
1212,2022-01-08,Tesla FSD price rising to $12k on Jan 17,3.151202749140894,1.6088253445793046
1213,2022-01-02,Great work by Tesla team worldwide!,-0.8345515936328893,-0.792633492189403
1214,2022-03-05,"Obviously, this would negatively affect Tesla, but sustainable energy solutions simply cannot react instantaneously to make up for Russian oil &amp; gas exports.",-0.6208236753997799,-0.6179829842964039
1215,2022-03-03,This old YouTube clip helps explain why former UAW members who work at Tesla are not huge fans of UAW,4.294117647058823,0.7106060606060607
1216,2022-03-03,"By the way, Tesla factory worker compensation is the highest in the auto industry",2.110526315789474,0.3868354430379748
1217,2022-03-03,"Our real challenge is Bay Area has negative unemployment, so if we don‚Äôt treat and compensate our (awesome) people well, they have many other offers and will just leave! I‚Äôd like hereby to invite UAW to hold a union vote at their convenience. Tesla will do nothing to stop them.",0.21658206429780025,0.24863088718510395
1218,2022-03-02,The probability of Tesla dying in 2008/2009 was very high. We closed our financing round at 6pm on Dec 24th ‚Äì the last working hour of the last day before Tesla would otherwise bounce payroll.,-0.6073245167853509,-0.7719073664610729
1219,2022-03-02,"Tesla has created over 50,000 US jobs building electric vehicles &amp; is investing more than double GM + Ford combined [fyi to person controlling this twitter]",263.8085106382979,51.887326694005075
1220,2022-03-02,"Our primary challenge is affordability. Creating an expensive truck is relatively easy. If it is extremely hard to do so for Tesla, despite our much greater economies of scale &amp; better technology, then it is damn near impossible for others.",-0.97790454764583,-0.9674969354147898
1221,2022-02-23,We‚Äôre working through the general case of making Steam games work on a Tesla vs specific titles. Former is obviously where we should be long-term.,1.763440860215054,0.2137592137592137
1222,2022-02-21,"Tesla owners in the greater Giga Texas area will get priority, so yes",1.375,2.813386524822695
1223,2022-02-17,"I was at a lunch with Munger in 2009 where he told the whole table all the ways Tesla would fail. Made me quite sad, but I told him I agreed with all those reasons &amp; that we would probably die, but it was worth trying anyway.",5.274118738404453,3.0436587739215053
1224,2022-02-14,So many layers with Tesla FSD AI!,-0.4369973190348525,-0.38960639606396064
1225,2022-02-13,Now Tesla is worth a trilly willy!,1.9166666666666665,1.9585217220365636
1226,2022-02-09,Tesla,-0.14758144126357353,-0.6168070057258337
1227,2022-02-06,Tesla Model S &amp; X Plaid are so fun!,-0.7653245192307692,-0.7560351768130302
1228,2022-02-04,Tesla is working hard to provide more Megapacks for grid stabilization,-0.8323045267489712,-0.8143856745165902
1229,2022-02-01,"Tesla is as much a software company as it is a hardware company, both in car and in factory. This is not widely understood.",3.451476793248945,0.3611687926431326
1230,2022-02-01,"Tesla has great respect for software engineering, they do not",-0.6407582938388625,-0.33562166285278416
1231,2022-01-31,"They‚Äôve been writing bogus articles about Tesla (and me) for years. In the end, it is their own credibility that suffers.",0.3947939262472886,-0.395439068809882
1232,2022-01-31,"For reasons unknown, is unable to say the word ‚ÄúTesla‚Äù",0.1634897360703813,1.6171671538665957
1233,2022-01-28,Excited for future of solar at Tesla!,0.2794612794612794,1.2272133289774585
1234,2022-01-28,Tesla will support FSD licensing by other manufacturers,-0.05789473684210522,-0.5059039237257059
1235,2022-01-28,"Given how hard insanely FSD is, I think it may take 5 years or more before any company besides Tesla solves it",-0.09813084112149528,-0.7451424955840869
1236,2022-01-25,Our biggest limitation with Fremont is convincing enough associates to build cars when they have so many other job opportunities in the Bay Area! Thanks again Tesla team for doing the hard work of building real products that people love ‚ô•Ô∏è,1.01840490797546,0.2495716733295259
1237,2022-01-19,"Tesla AI might play a role in AGI, given that it trains against the outside world, especially with the advent of Optimus",41.33098591549296,25.5912233243162
1238,2022-01-14,Tesla merch buyable with Dogecoin,132.66149870801033,30.449022016441464
1239,2022-01-12,"Tesla is working as fast as possible to support Tesla owners worldwide. Sustainable energy affects everyone on Earth, as we all share one atmosphere.",-0.8790627362055934,-0.7207390444763679
1240,2022-01-08,"It was a mistake to try to use the Elise. In the end, only ~5% of the Elise parts ended up being used. Tesla Roadster is a totally different car.",-0.5264623955431755,-0.6532079414838036
1241,2022-01-08,Tesla FSD price rising to $12k on Jan 17,3.151202749140894,1.6088253445793046
1242,2022-01-02,Great work by Tesla team worldwide!,-0.8345515936328893,-0.7926146389299221
227,2021-12-21,100th SpaceX rocket landing was today,18.14814814814815,5.110137842058804
228,2021-12-16,I love Dilbert! Use it all the time to illustrate that we‚Äôre doing something wrong at Tesla/SpaceX if it could be a Dilbert cartoon irl. This happens more often than I‚Äôd like (sigh).,0.9487179487179487,0.039196940726577534
229,2021-12-14,SpaceX is starting a program to take CO2 out of atmosphere &amp; turn it into rocket fuel. Please join if interested.,5.767478222023676,2.1717375172267572
230,2021-12-01,"If a severe global recession were to dry up capital availability / liquidity while SpaceX was losing billions on Starlink &amp; Starship, then bankruptcy, while still unlikely, is not impossible. GM &amp; Chrysler went BK last recession. ‚ÄúOnly the paranoid survive.‚Äù ‚Äì Grove",3.463636363636364,0.9339176405119645
231,2021-11-26,"Combined Tesla+SpaceX market cap is now over $1.2T, which means ‚Äú$4.9B‚Äù is less than 0.4% of combined company value",-0.30236794171220405,-0.7871982263097389
232,2021-11-13,Super proud of the great work by the SpaceX team!,-0.3622222222222222,-0.23722772277227722
233,2021-11-08,"Actually, 41 tons for SpaceX in Q3 &amp; aiming for 80 tons in Q4. That said, China launch mass to orbit is extremely impressive.",0.6153846153846154,0.14146632227299816
234,2021-11-01,Sanjay deserves a lot of credit for making X/PayPal succeed. Now helping SpaceX serve rural communities in India. Much respect.,2.408333333333333,0.5976914651613447
235,2021-10-24,Lots of people I talked to on the production lines at Tesla or building rockets at SpaceX own Doge. They aren‚Äôt financial experts or Silicon Valley technologists. That‚Äôs why I decided to support Doge ‚Äì it felt like the people‚Äôs crypto.,12.287569573283859,1.1730228298554328
236,2021-10-07,"Starlink is designed for low to medium population density, which means we can hit max users in some areas fast. Please sign up early to ensure a spot. As more satellites roll out, SpaceX will be able to serve more.",1.7353706111833551,0.3830399682371626
237,2021-09-29,"SpaceX has sued to be *allowed* to compete, BO is suing to stop competition",1.4246231155778895,-0.36431392534080775
238,2021-09-24,"Chris was an early employee of SpaceX, and made a significant contribution, but was not a cofounder",-0.9355057705363204,-0.8734107241569928
239,2021-09-01,Filing legal actions against SpaceX is *actually* his full-time job,1.182377049180328,0.6798625429553264
240,2021-08-30,"SpaceX will try to catch largest ever flying object with robot chopsticks. Success is not guaranteed, but excitement is!",32.08695652173913,21.952338129496404
241,2021-08-27,Turns out Besos retired in order to pursue a full-time job filing lawsuits against SpaceX ‚Ä¶,61.851851851851855,28.202641933670602
242,2021-08-11,"However, even if it were 16 flights with docking, this is not a problem. SpaceX did more than 16 orbital flights in first half of 2021 &amp; has docked with Station (much harder than docking with our own ship) over 20 times.",0.09153318077803196,-0.521223470661673
243,2021-08-10,SpaceX could do it if need be,3.128500823723229,2.6015995260663507
244,2021-08-05,"If you‚Äôre curious about Tesla, SpaceX &amp; my general goings on, is writing a biography",45.26744186046512,25.236686390532544
245,2021-08-05,"I have great admiration for John‚Äôs engineering ability! What he did with Armadillo was incredible. I‚Äôve tried to convince him many times to join SpaceX, but he has always declined (sigh).",-0.9477255591857251,-0.9050800631483987
246,2021-08-04,That is the goal. Our official name is actually Space Exploration Technologies. SpaceX is short form.,-0.920965108544476,-0.8758366765479171
247,2021-08-03,I was asked by a reporter if I was optimistic or pessimistic about SpaceX‚Äôs future. That was my answer.,-0.7313218390804598,-0.7096582718561859
248,2021-07-29,"Yeah, SpaceX team is cranking hard!",-0.3571428571428571,-0.2871383418429371
249,2021-07-28,Congrats SpaceX tower team &amp; supporting contractors!,0.7222222222222223,0.22870027379610236
250,2021-07-15,Version 3 of the SpaceX droneship. Team did great work! Will be epic to see the deep sea oil rigs converted to ocean spaceports for Starship.,-0.16352201257861632,0.10377358490566047
251,2021-07-15,"Glad it‚Äôs working! The sheer amount of work done by SpaceX engineering, production &amp; launch teams is amazing. Ping should improve dramatically in coming months. We‚Äôre aiming for &lt;20ms. Basically, you should be able to play competitive FPS games through Starlink.",0.010976948408342402,-0.1574462506554798
252,2021-07-14,"Took more work to make F9 booster reuse cost-effective than went into recovering it in the first place. This is an important point. Things finally clicked into place with Block 5. My hat is off to everyone at SpaceX, NASA, Space Force, FAA &amp; suppliers who helped make it happen.",-0.10839160839160844,-0.04207119741100329
253,2021-07-10,"We are breaking ground soon on a second Raptor factory at SpaceX Texas test site. This will focus on volume production of Raptor 2, while California factory will make Raptor Vacuum &amp; new, experimental designs.",1.002415458937198,0.7649162970382029
254,2021-07-10,"Autonomous SpaceX droneship, A Shortfall of Gravitas",4.694860380412789,4.108842329545454
255,2021-07-04,New SpaceX Starlink cover shows transfer orbit from Earth to Mars,9.366609294320138,9.890517532980043
256,2021-07-02,"What is not well understood is that ULA *still* has a monopoly carve-out for US government launches for which SpaceX is not allowed to compete, costing the taxpayer twice as much per launch than it should. This is obviously not real competition.",0.17728531855955687,0.018417462482946734
257,2021-07-01,What are we doing wrong at SpaceX? You probably have some good ideas. The fundamental optimization for making life multiplanetary &amp; backing up the biosphere is cost per ton to the surface of Mars. What system achieves that best?,-0.9946178463073023,-0.9793178053238889
258,2021-07-01,"Now, this sort of nonsense happens all the time with government contracts &amp; everyone knows it. However, in this case, it is money diverted from making life multiplanetary, which is the goal of SpaceX, vs the ULA goal of maximizing dividends to Lockheed &amp; Boeing. Not ok.",1.370860927152318,0.5266553480475382
259,2021-06-10,"My primary home is literally a ~$50k house in Boca Chica / Starbase that I rent from SpaceX. It‚Äôs kinda awesome though. Only house I own is the events house in the Bay Area. If I sold it, the house would see less use, unless bought by a big family, which might happen some day.",0.32607167955024585,0.4784859268845034
260,2021-06-09,"Yeah, sold my houses, except for 1 in Bay Area that‚Äôs rented out for events. Working on sustainable energy for Earth with Tesla &amp; protecting future of consciousness by making life multiplanetary with SpaceX. Also, AI risk mitigation with Neuralink &amp; fixing traffic with Boring.",0.04239533651298366,-0.12839168490153174
261,2021-05-21,"Yes, with the SpaceX rocket thruster option package. It will be safe, but very intense. Probably not wise for those with a medical condition ‚Äì same as a hardcore roller coaster.",0.06568712186689707,0.5357406950948977
262,2021-05-10,SpaceX launching satellite Doge-1 to the moon next year ‚Äì Mission paid for in Doge ‚Äì 1st crypto in space ‚Äì 1st meme in space To the mooooonnn!!,39.29069349622709,8.830354811028617
263,2021-04-09,Thanks to all that helped SpaceX!,0.5385852090032155,6.040579710144928
264,2021-04-01,"After all, SpaceX‚Äôs first payload to orbit &amp; back was a wheel of cheese ‚Ä¶",0.3990755007704161,-0.45116043670016626
265,2021-04-01,SpaceX is going to put a literal Dogecoin on the literal moon,445.7368421052632,152.78434225844003
266,2021-03-30,"Please consider moving to Starbase or greater Brownsville/South Padre area in Texas &amp; encourage friends to do so! SpaceX‚Äôs hiring needs for engineers, technicians, builders &amp; essential support personnel of all kinds are growing rapidly.",35.02608695652174,24.40816631767873
267,2021-03-23,SpaceX will be landing Starships on Mars well before 2030. The really hard threshold is making Mars Base Alpha self-sustaining.,-0.48784825133372856,-0.5325272479564033
268,2021-03-23,"SpaceX is developing rockets needed to make life multiplanetary ‚Äî full &amp; rapid reusability at large scale. Even if SpaceX fails in that goal, the rockets will still be most advanced on Earth. Starlink‚Äòs purpose is to provide Internet to the least served &amp; to pay for Mars.",1.0728597449908923,1.299150579150579
269,2021-03-15,"SpaceX did 2X rest of world payload to orbit last year, probably 3X to 4X this year",0.8915401301518437,0.001996450754214729
270,2021-03-11,Celebrating a year of great work by the SpaceX team!,0.07705192629815749,-0.16456654347922883
271,2021-03-11,"If 2021 manifest is met, SpaceX will do ~75% of total Earth payload to orbit with Falcon. A single Starship is designed to do in a day what all rockets on Earth currently do in a year. Even so, ~1000 Starships will take ~20 years to build a self-sustaining city on Mars.",5.281818181818182,1.0755725190839693
272,2021-03-11,"Falcon 9 is almost always at max capacity. When it has ‚Äúspare‚Äù performance, it flies back to land, which costs much less than using a droneship. Our fundamental constraint is mass to orbit per unit time. Last year, SpaceX launched roughly double payload mass of rest of world.",1.837037037037037,1.735974643423138
273,2021-03-04,"SpaceX team is doing great work! One day, the true measure of success will be that Starship flights are commonplace.",2.707317073170732,1.2450289321409787
274,2021-02-19,SpaceX in south Texas &amp; Tesla in central have been providing direct assistance where feasible (eg save cold turtles &amp; help power the water treatment plant). Please let us know if we may be helpful in other ways.,-0.2825278810408922,0.4372001662070788
275,2021-02-16,SpaceX Boca team is helping save the turtles,2.2629310344827585,0.9947198591962452
276,2021-02-09,SpaceX needs to pass through a deep chasm of negative cash flow over the next year or so to make Starlink financially viable. Every new satellite constellation in history has gone bankrupt. We hope to be the first that does not.,0.3524590163934427,0.4531559581092557
277,2021-02-07,Time to tell the story of Tesla &amp; SpaceX,3.398980991573584,1.570349048757667
278,2021-01-31,Tom has some great stories about experimenting with premixed O2/CH4 before SpaceX. That is not recommended haha.,-0.9895362663495838,-0.9789075723454838
279,2021-01-30,I never used this guy. He gave a talk at SpaceX once.,5.688679245283019,3.737464788732394
280,2021-01-30,I sure hope that‚Äôs not true at Tesla or SpaceX!,-0.5905375278672281,-0.37162985927267655
281,2021-01-29,Shopify is great too. SpaceX used them.,-0.011389521640091105,-0.3373031117940838
282,2021-01-13,"Today at SpaceX is about practicing Starship engine starts. Ship is held down by massive pins while engines are fired. Two starts completed, about to try a third.",82.83333333333333,30.651079136690647
283,2021-01-09,Was also thinking that SpaceX Boca should hold fun parties and give tours for the community from time to time,-0.9955401147289327,-0.9895404003297255
284,2021-01-09,"That‚Äôs actually our restaurant, but SpaceX is building a futuristic bar at the top of the high bay with 360 degree windows &amp; a glass floor looking down on the rocket factory",-0.05483028720626637,0.005473544534748687
285,2022-03-05,SpaceX reprioritized to cyber defense &amp; overcoming signal jamming. Will cause slight delays in Starship &amp; Starlink V2.,-0.8356060606060606,-0.7322667151208326
286,2022-03-03,Ukraine civilian Internet was experiencing strange outages ‚Äì bad weather perhaps? ‚Äì so SpaceX is helping fix it,-0.026405228758169974,-0.39122479391847287
287,2022-02-25,"LIDAR is a seductive local maximum. SpaceX designed &amp; built them to dock with ISS. However, the road system was designed to work with biological neural nets &amp; eyes, so a general solution to self-driving necessarily will require silicon neural nets &amp; cameras. Real-world AI.",3.8923076923076927,0.7220321137141352
288,2022-02-19,"SpaceX‚Äôs goal is to make life multiplanetary, whereas their goal is to put a handful of satellites in orbit",0.34015345268542196,0.2197686645636172
289,2022-02-04,Congrats SpaceX Falcon team!,12.14723926380368,9.293704404215077
290,2022-02-02,"SpaceX standard antenna production rises rapidly this year, so those with orders shouldn‚Äôt have to wait long. Note, Starlink can only support a limited number of users in an area, so best to order early.",1.0914634146341462,-0.008437655103954111
291,2022-01-21,Could people from Tonga let us know if it is important for SpaceX to send over Starlink terminals?,17.778846153846153,11.583066361556064
292,2022-03-05,SpaceX reprioritized to cyber defense &amp; overcoming signal jamming. Will cause slight delays in Starship &amp; Starlink V2.,-0.8359189437870456,-0.7321089904430715
293,2022-03-03,Ukraine civilian Internet was experiencing strange outages ‚Äì bad weather perhaps? ‚Äì so SpaceX is helping fix it,-0.025895893277530724,-0.39116820402542773
294,2022-02-25,"LIDAR is a seductive local maximum. SpaceX designed &amp; built them to dock with ISS. However, the road system was designed to work with biological neural nets &amp; eyes, so a general solution to self-driving necessarily will require silicon neural nets &amp; cameras. Real-world AI.",3.8923076923076927,0.7225585680442221
295,2022-02-19,"SpaceX‚Äôs goal is to make life multiplanetary, whereas their goal is to put a handful of satellites in orbit",0.34015345268542196,0.2197686645636172
296,2022-02-04,Congrats SpaceX Falcon team!,12.14723926380368,9.295500608025943
297,2022-02-02,"SpaceX standard antenna production rises rapidly this year, so those with orders shouldn‚Äôt have to wait long. Note, Starlink can only support a limited number of users in an area, so best to order early.",1.0914634146341462,-0.008437655103954111
298,2022-01-21,Could people from Tonga let us know if it is important for SpaceX to send over Starlink terminals?,17.778846153846153,11.584439359267735
